7.807500000000000000e+02,2.426666666666666572e+02,1.000000000000000000e+00,3.333333333333333148e-01,1.450000000000000074e-02,0.000000000000000000e+00,5.000000000000000000e-01,7.032773449870695082e-01,6.097804712663162929e-01,4.671173060963098034e-01,2.894625337874671689e-01,9.198250188391246529e-02,2.005000000000000115e-01,2.994999999999999885e-01,4.526131532883220787e-02,5.676419104776193880e-02,5.363840960240059963e-02,4.476119029757439499e-02,7.564391097774443573e-02,8.814703675918979242e-02,8.202050512628157597e-02,5.838959739934983934e-02,9.627406851712928815e-02,2.125531382845711331e-02,0.000000000000000000e+00
7.935000000000000000e+02,4.766666666666666430e+01,1.000000000000000000e+00,3.333333333333333148e-01,1.450000000000000074e-02,0.000000000000000000e+00,7.500000000000000000e-01,2.010597427837131912e-01,3.003189046491543390e-01,7.461548376009623229e-02,2.087656455862977323e-01,3.923846809302858341e-01,3.378749999999999809e-01,1.621249999999999913e-01,1.385346336584145910e-01,4.526131532883220787e-02,5.076269067266817037e-02,1.032758189547386823e-01,6.076519129782445572e-02,3.500875218804701261e-02,1.550387596899224785e-02,5.763940985246311655e-02,2.425606401600400100e-02,8.102025506376593633e-02,0.000000000000000000e+00
8.992500000000000000e+02,5.100000000000000000e+01,1.000000000000000000e+00,6.666666666666666297e-01,1.750000000000000167e-02,2.500000000000000000e-01,7.500000000000000000e-01,2.236580738321281014e-01,1.997599495305917294e-01,8.795271944383314944e-02,8.068360291259135675e-02,4.532524919262735930e-01,3.454999999999999738e-01,1.544999999999999984e-01,1.360340085021255196e-01,4.951237809452362776e-02,4.951237809452362776e-02,1.102775693923480904e-01,6.051512878219554581e-02,3.425856464116028982e-02,1.025256314078519700e-02,5.101275318829707334e-02,1.975493873468367120e-02,9.802450612653162976e-02,0.000000000000000000e+00
5.665714285714285552e+02,2.833333333333333481e+00,1.750000000000000000e+00,1.666666666666666574e-01,1.099999999999999936e-02,0.000000000000000000e+00,8.571428571428570953e-01,2.473117895794947063e-01,2.261966245541964793e-01,1.013696176577720959e-01,8.401359284528960025e-02,4.147811575887992430e-01,3.432499999999999996e-01,1.567500000000000004e-01,1.385346336584145910e-01,4.263565891472868158e-02,5.451362840710177737e-02,1.075268817204301092e-01,5.626406601650412592e-02,3.475868967241810270e-02,1.125281320330082449e-02,5.313828457114278675e-02,2.625656414103525946e-02,9.527381845461364851e-02,0.000000000000000000e+00
6.893999999999999773e+02,6.275000000000000000e+01,1.250000000000000000e+00,2.500000000000000000e-01,1.700000000000000122e-02,0.000000000000000000e+00,8.000000000000000444e-01,2.534973892776499205e-01,1.707283520854541992e-01,1.379402952784207215e-01,6.663950568709160749e-02,4.481139776130787511e-01,3.435000000000000275e-01,1.565000000000000002e-01,1.400350087521880504e-01,4.126031507876969096e-02,5.588897224306076800e-02,1.062765691422855735e-01,5.663915978994748385e-02,3.000750187546886646e-02,1.400350087521880400e-02,5.463865966491623233e-02,3.050762690672668281e-02,9.227306826706677123e-02,0.000000000000000000e+00
7.875000000000000000e+02,1.066666666666666607e+01,1.000000000000000000e+00,0.000000000000000000e+00,2.174999999999999850e-02,0.000000000000000000e+00,1.000000000000000000e+00,1.278220940550133244e-01,3.172334002744961468e-01,5.537616078869700420e-02,1.154206139039141987e-01,3.651941277448369494e-01,3.487500000000000044e-01,1.512499999999999956e-01,1.429107276819204797e-01,4.188547136784195879e-02,5.438859714928732242e-02,1.095273818454613607e-01,5.326331582895724170e-02,3.213303325831457641e-02,1.150287571892973267e-02,5.526381595398850016e-02,2.200550137534383610e-02,9.727431857964491391e-02,0.000000000000000000e+00
1.555500000000000000e+03,1.100000000000000000e+01,5.000000000000000000e-01,0.000000000000000000e+00,1.625000000000000056e-02,0.000000000000000000e+00,1.000000000000000000e+00,3.728058491338857583e-01,1.465259097599350413e-01,1.454596093604940132e-01,4.967147229526165664e-02,4.662218415520164583e-01,3.287499999999999867e-01,1.712500000000000133e-01,1.351587896974243697e-01,4.838709677419354704e-02,5.026256564141035055e-02,9.502375593898475248e-02,6.189047261815453643e-02,4.163540885221305582e-02,1.750437609402350631e-02,4.813703425856464407e-02,3.300825206301575415e-02,8.352088022005500767e-02,0.000000000000000000e+00
8.977500000000000000e+02,3.233333333333333570e+01,1.000000000000000000e+00,0.000000000000000000e+00,2.324999999999999983e-02,2.500000000000000000e-01,7.500000000000000000e-01,1.007790057737497358e-01,2.335364301263688214e-01,4.622934696256333215e-02,1.179508361509729319e-01,3.823841713172888568e-01,3.723750000000000115e-01,1.276249999999999885e-01,1.590397599399850093e-01,3.588397099274819035e-02,4.963740935233808271e-02,1.277819454863715898e-01,4.826206551637909209e-02,2.275568892223055889e-02,7.001750437609402002e-03,5.101275318829707334e-02,1.800450112528131918e-02,1.140285071267816974e-01,0.000000000000000000e+00
1.191000000000000000e+03,2.690000000000000000e+02,5.000000000000000000e-01,0.000000000000000000e+00,1.625000000000000056e-02,0.000000000000000000e+00,5.000000000000000000e-01,1.165754434055980560e-01,2.476719396783492733e-01,6.145689764428180490e-02,1.259485449043930005e-01,3.679817083313530746e-01,3.608750000000000013e-01,1.391249999999999987e-01,1.611652913228306949e-01,3.650912728182045819e-02,5.251312828207051892e-02,1.107776944236058964e-01,4.988747186796699262e-02,2.675668917229307234e-02,1.000250062515628882e-02,5.463865966491623233e-02,2.125531382845711331e-02,9.502375593898475248e-02,0.000000000000000000e+00
1.107000000000000000e+03,8.300000000000000000e+01,7.500000000000000000e-01,0.000000000000000000e+00,1.149999999999999981e-02,0.000000000000000000e+00,1.000000000000000000e+00,3.741476334943130144e-01,1.180225932019332569e-01,1.054563293141800168e-01,7.116036756725611923e-02,5.001199764397968872e-01,3.345000000000000195e-01,1.655000000000000082e-01,1.339084771192798062e-01,4.838709677419354704e-02,5.826456614153538438e-02,9.377344336084021681e-02,5.601400350087521601e-02,3.000750187546886646e-02,2.125531382845711331e-02,5.713928482120530367e-02,3.000750187546886646e-02,8.752188047011752459e-02,0.000000000000000000e+00
1.921500000000000000e+03,-1.000000000000000000e+00,5.000000000000000000e-01,0.000000000000000000e+00,6.250000000000000347e-03,5.000000000000000000e-01,3.000000000000000000e+00,1.288230650153380230e-01,3.452516211808533964e-01,6.153882856268115542e-02,1.327135546806882671e-01,3.751454257006874293e-01,3.498749999999999916e-01,1.501250000000000084e-01,1.419104776194048401e-01,4.688672168042010840e-02,4.801200300075018912e-02,1.130282570642660717e-01,5.663915978994748385e-02,3.313328332083020911e-02,1.225306326581645372e-02,5.288822205551387684e-02,1.725431357839459987e-02,9.852463115778944958e-02,0.000000000000000000e+00
6.810000000000000000e+02,4.900000000000000000e+01,1.250000000000000000e+00,0.000000000000000000e+00,2.500000000000000139e-02,2.000000000000000111e-01,4.000000000000000222e-01,1.783553159031628366e-01,2.553285233966371970e-01,8.817989576425305787e-02,1.024624665207980317e-01,3.223432702579527298e-01,3.509999999999999787e-01,1.489999999999999936e-01,1.436609152288071956e-01,4.176044011002750383e-02,5.351337834458614467e-02,1.120280070017504320e-01,5.513878469617404521e-02,2.800700175043760801e-02,1.225306326581645372e-02,5.401350337584395755e-02,2.525631407851963023e-02,9.827456864216053967e-02,0.000000000000000000e+00
7.193999999999999773e+02,-1.525000000000000000e+01,1.250000000000000000e+00,0.000000000000000000e+00,9.249999999999999542e-03,4.000000000000000222e-01,1.000000000000000000e+00,1.343746405930578980e-01,3.696617430200196397e-01,6.871069110353619780e-02,1.332237585336444319e-01,3.954653464175228450e-01,3.352499999999999925e-01,1.647500000000000075e-01,1.351587896974243697e-01,4.676169042260565345e-02,5.338834708677168972e-02,1.000250062515628952e-01,5.901475368842210717e-02,3.563390847711928044e-02,1.675418854713678352e-02,5.263815953988497387e-02,2.975743935983996002e-02,8.827206801700425431e-02,0.000000000000000000e+00
1.343000000000000000e+03,-1.900000000000000000e+01,7.500000000000000000e-01,0.000000000000000000e+00,1.725000000000000144e-02,0.000000000000000000e+00,6.666666666666666297e-01,1.706296625858614302e-01,2.238941289945683977e-01,5.215874354708269212e-02,1.051149167043717858e-01,4.337281904161337520e-01,3.638750000000000040e-01,1.361249999999999960e-01,1.592898224556139053e-01,3.538384596149037054e-02,4.888722180545135992e-02,1.202800700175043758e-01,5.051262815703926046e-02,2.650662665666416590e-02,1.025256314078519700e-02,5.813953488372092943e-02,1.600400100025006420e-02,9.602400600150037824e-02,0.000000000000000000e+00
4.053750000000000000e+02,6.485714285714286120e+01,2.000000000000000000e+00,1.428571428571428492e-01,1.499999999999999944e-02,0.000000000000000000e+00,2.500000000000000000e-01,6.493442626641516835e-01,6.555871817061160733e-01,3.959066988268009624e-01,2.902364596382775996e-01,1.352708148793288212e-01,1.975000000000000089e-01,3.024999999999999911e-01,4.488622155538884995e-02,5.176294073518379613e-02,5.813953488372092943e-02,4.276069017254313653e-02,7.364341085271318421e-02,9.202300575143786132e-02,7.851962990747686499e-02,5.801450362590647447e-02,1.007751937984496110e-01,2.100525131282820687e-02,0.000000000000000000e+00
1.087000000000000000e+03,2.045000000000000000e+02,7.500000000000000000e-01,5.000000000000000000e-01,1.675000000000000100e-02,0.000000000000000000e+00,3.333333333333333148e-01,6.262719911303232800e-01,6.845025786354339559e-01,3.472176381396027689e-01,3.648704663430180073e-01,1.127121498753522882e-01,2.188749999999999862e-01,2.811250000000000138e-01,5.413853463365841251e-02,5.513878469617404521e-02,5.626406601650412592e-02,5.326331582895724170e-02,7.226806701675418665e-02,8.289572393098273984e-02,6.976744186046511531e-02,6.226556639159790130e-02,8.077019254813704030e-02,3.025756439109777290e-02,0.000000000000000000e+00
6.280000000000000000e+02,2.600000000000000000e+01,1.500000000000000000e+00,2.000000000000000111e-01,2.475000000000000117e-02,0.000000000000000000e+00,5.000000000000000000e-01,5.620633706094716464e-01,5.576140067044546011e-01,3.631353687698793964e-01,3.564736638037415140e-01,1.129010903724517734e-01,2.242500000000000049e-01,2.757499999999999951e-01,5.313828457114278675e-02,5.463865966491623233e-02,5.038759689922480550e-02,6.601650412603150830e-02,7.601900475118779366e-02,7.776944236059014914e-02,7.151787946986747080e-02,6.539134783695924047e-02,7.801950487621905905e-02,2.975743935983996002e-02,0.000000000000000000e+00
7.493999999999999773e+02,4.350000000000000000e+01,1.250000000000000000e+00,7.500000000000000000e-01,1.575000000000000011e-02,0.000000000000000000e+00,1.000000000000000000e+00,6.482052082619288447e-01,6.731374761523465367e-01,3.789209798787460115e-01,3.498913766000062986e-01,8.877887518527693977e-02,2.078750000000000042e-01,2.921250000000000235e-01,4.801200300075018912e-02,5.226306576644160901e-02,5.526381595398850016e-02,5.226306576644160901e-02,6.976744186046511531e-02,8.514628657164291514e-02,8.202050512628157597e-02,6.389097274318579489e-02,9.077269317329332565e-02,2.625656414103525946e-02,0.000000000000000000e+00
7.692000000000000455e+02,3.325000000000000000e+01,1.250000000000000000e+00,5.000000000000000000e-01,1.975000000000000019e-02,0.000000000000000000e+00,4.000000000000000222e-01,5.639527926421940007e-01,6.213157197306826696e-01,3.448257611607068451e-01,3.550190936131467079e-01,1.168143648044805694e-01,2.195000000000000007e-01,2.805000000000000271e-01,6.001500375093773293e-02,4.801200300075018912e-02,5.726431607901975168e-02,5.426356589147286746e-02,7.039259814953738315e-02,7.876969242310577490e-02,7.401850462615654214e-02,6.301575393848461715e-02,9.077269317329332565e-02,2.600650162540635302e-02,0.000000000000000000e+00
1.578000000000000000e+03,0.000000000000000000e+00,5.000000000000000000e-01,1.000000000000000000e+00,1.700000000000000122e-02,0.000000000000000000e+00,1.000000000000000000e+00,6.554737297824237974e-01,5.960496651973484772e-01,3.431614569236403067e-01,3.773345873721415389e-01,1.115290486625435395e-01,2.163750000000000118e-01,2.836250000000000160e-01,5.401350337584395755e-02,5.763940985246311655e-02,5.576394098524631304e-02,4.876219054763691191e-02,7.276819204801200647e-02,7.939484871217804274e-02,7.576894223555888375e-02,5.888972243060765221e-02,8.777194298574643450e-02,3.075768942235558925e-02,0.000000000000000000e+00
7.177500000000000000e+02,1.946666666666666572e+02,1.000000000000000000e+00,3.333333333333333148e-01,1.600000000000000033e-02,0.000000000000000000e+00,1.000000000000000000e+00,6.014324369679195925e-01,6.551792722315056272e-01,4.124285463837417121e-01,3.450712394956197970e-01,9.815404288807992594e-02,2.172499999999999987e-01,2.827500000000000013e-01,5.351337834458614467e-02,5.388847211802950954e-02,5.363840960240059963e-02,5.626406601650412592e-02,7.339334833708427430e-02,7.776944236059014914e-02,7.801950487621905905e-02,6.114028507126781364e-02,8.977244311077769989e-02,2.925731432858214714e-02,0.000000000000000000e+00
1.006000000000000000e+03,1.350000000000000000e+01,7.500000000000000000e-01,1.000000000000000000e+00,1.499999999999999944e-02,3.333333333333333148e-01,6.666666666666666297e-01,6.844298914619708629e-01,5.904650216783744465e-01,3.980374907788785110e-01,3.272621132224027285e-01,9.333338669244505004e-02,2.027500000000000135e-01,2.972500000000000142e-01,4.738684671167792128e-02,5.276319079769942189e-02,5.426356589147286746e-02,4.826206551637909209e-02,7.176794198549638071e-02,9.614903725931482625e-02,7.501875468867216790e-02,5.913978494623656212e-02,8.927231807951988007e-02,2.450612653163290744e-02,0.000000000000000000e+00
6.055000000000000000e+02,5.939999999999999858e+01,1.500000000000000000e+00,5.999999999999999778e-01,1.474999999999999922e-02,0.000000000000000000e+00,5.000000000000000000e-01,6.113599663957939301e-01,5.903835321112232970e-01,3.675004315753843676e-01,3.620906356427869288e-01,1.059608781879814721e-01,2.206249999999999878e-01,2.793749999999999845e-01,5.663915978994748385e-02,5.401350337584395755e-02,5.363840960240059963e-02,5.626406601650412592e-02,7.489372343085771988e-02,7.589397349337334564e-02,7.501875468867216790e-02,6.351587896974243697e-02,8.602150537634409289e-02,2.550637659414853667e-02,0.000000000000000000e+00
5.985000000000000000e+02,1.740000000000000000e+02,1.000000000000000000e+00,6.666666666666666297e-01,1.725000000000000144e-02,0.000000000000000000e+00,2.500000000000000000e-01,6.135996557049188116e-01,5.123331398836337147e-01,3.630341165615521559e-01,3.046975379562165687e-01,1.422578852030139951e-01,2.320000000000000118e-01,2.680000000000000160e-01,6.751687921980495388e-02,5.713928482120530367e-02,4.851212803200800200e-02,5.876469117279319726e-02,7.326831707926981241e-02,7.464366091522880997e-02,7.151787946986747080e-02,5.901475368842210717e-02,7.726931732933232932e-02,3.225806451612903136e-02,0.000000000000000000e+00
7.552500000000000000e+02,2.813333333333333144e+02,1.000000000000000000e+00,3.333333333333333148e-01,1.499999999999999944e-02,0.000000000000000000e+00,7.500000000000000000e-01,5.550818680979587860e-01,5.594435319756776437e-01,3.283282314318152206e-01,2.470649283219062686e-01,1.850312589170031996e-01,2.382499999999999896e-01,2.617499999999999827e-01,6.626656664166041821e-02,5.413853463365841251e-02,5.976494123530882996e-02,5.801450362590647447e-02,7.101775443860965098e-02,6.439109777444361471e-02,6.651662915728932812e-02,6.326581645411352706e-02,8.002000500125031057e-02,3.775943985996499386e-02,0.000000000000000000e+00
9.180000000000000000e+02,3.305000000000000000e+02,7.500000000000000000e-01,0.000000000000000000e+00,1.375000000000000007e-02,3.333333333333333148e-01,6.666666666666666297e-01,7.947872131308664212e-01,6.068425724199144611e-01,4.468725978587232417e-01,3.404872020283097322e-01,8.490361706735974345e-02,2.051250000000000018e-01,2.948749999999999982e-01,4.926231557889472479e-02,5.738934733683420664e-02,5.351337834458614467e-02,4.501125281320329796e-02,7.226806701675418665e-02,8.339584896224055965e-02,8.552138034508627307e-02,6.189047261815453643e-02,9.227306826706677123e-02,2.175543885971492966e-02,0.000000000000000000e+00
8.380000000000000000e+02,8.900000000000000000e+01,7.500000000000000000e-01,5.000000000000000000e-01,1.774999999999999842e-02,0.000000000000000000e+00,6.666666666666666297e-01,6.620855099984974679e-01,5.674532201978501611e-01,3.894267763988631392e-01,3.617641826887442735e-01,1.263498097834509781e-01,2.109999999999999931e-01,2.889999999999999791e-01,5.163790947736934117e-02,5.488872218054513530e-02,5.363840960240059963e-02,5.076269067266817037e-02,7.539384846211552582e-02,8.302075518879720173e-02,7.701925481370341942e-02,5.951487871967992005e-02,9.152288072018004150e-02,2.450612653163290744e-02,0.000000000000000000e+00
8.227500000000000000e+02,1.146666666666666714e+02,1.000000000000000000e+00,6.666666666666666297e-01,1.700000000000000122e-02,0.000000000000000000e+00,1.000000000000000000e+00,6.354214463132283885e-01,6.563124794129137074e-01,3.459097414047498931e-01,4.252989003157174319e-01,8.460688898570081773e-02,2.101250000000000062e-01,2.898749999999999938e-01,5.113778444611152829e-02,5.438859714928732242e-02,5.313828457114278675e-02,5.151287821955488622e-02,7.339334833708427430e-02,8.714678669667416666e-02,7.601900475118779366e-02,5.638909727431858088e-02,9.202300575143786132e-02,2.925731432858214714e-02,0.000000000000000000e+00
7.896000000000000227e+02,1.750000000000000000e+00,1.250000000000000000e+00,2.500000000000000000e-01,1.549999999999999989e-02,0.000000000000000000e+00,8.000000000000000444e-01,6.965998562898938484e-01,6.250767162321900772e-01,3.792085187628334575e-01,3.809677993320501610e-01,7.981219530465744061e-02,1.975000000000000089e-01,3.024999999999999911e-01,4.226056514128532365e-02,5.638909727431858088e-02,5.213803450862715405e-02,4.676169042260565345e-02,7.851962990747686499e-02,9.102275568892223556e-02,8.077019254813704030e-02,5.726431607901975168e-02,9.777444361090271985e-02,1.950487621905476476e-02,0.000000000000000000e+00
1.165000000000000000e+03,3.750000000000000000e+01,7.500000000000000000e-01,0.000000000000000000e+00,1.299999999999999940e-02,0.000000000000000000e+00,1.000000000000000000e+00,4.986467076401075449e-01,6.835365940027479104e-01,3.470384409811929638e-01,3.744480611683727589e-01,9.349495323989559514e-02,2.056250000000000022e-01,2.943749999999999978e-01,5.076269067266817037e-02,5.263815953988497387e-02,5.138784696174043820e-02,5.076269067266817037e-02,7.051762940735183116e-02,8.564641160290072108e-02,8.677169292323080874e-02,6.239059764941235625e-02,9.377344336084021681e-02,2.200550137534383610e-02,0.000000000000000000e+00
9.697500000000000000e+02,1.666666666666666741e+00,1.000000000000000000e+00,0.000000000000000000e+00,1.625000000000000056e-02,2.500000000000000000e-01,1.000000000000000000e+00,6.422018248768933679e-01,7.289390728526476959e-01,3.681307910093374325e-01,4.625653895617146127e-01,6.740662448092611669e-02,2.011249999999999982e-01,2.988750000000000018e-01,4.626156539134783363e-02,5.626406601650412592e-02,5.463865966491623233e-02,4.401100275068767220e-02,7.564391097774443573e-02,9.114778694673668358e-02,7.751937984496123923e-02,5.663915978994748385e-02,9.477369342335584257e-02,2.250562640660164898e-02,0.000000000000000000e+00
6.555000000000000000e+02,5.000000000000000000e+00,1.500000000000000000e+00,5.999999999999999778e-01,1.400000000000000029e-02,1.666666666666666574e-01,6.666666666666666297e-01,6.324420411474717119e-01,6.498934023662745751e-01,4.222836516924800554e-01,3.658380445973779538e-01,8.145243756142055147e-02,1.913749999999999896e-01,3.086249999999999827e-01,4.476119029757439499e-02,4.726181545386346633e-02,5.151287821955488622e-02,4.776194048512127921e-02,7.314328582145536439e-02,9.702425606401600400e-02,8.702175543885971865e-02,5.588897224306076800e-02,1.085271317829457349e-01,1.750437609402350631e-02,0.000000000000000000e+00
7.500000000000000000e+02,2.366666666666666572e+02,1.000000000000000000e+00,6.666666666666666297e-01,1.400000000000000029e-02,0.000000000000000000e+00,1.000000000000000000e+00,7.037961076517467163e-01,5.910150183150182368e-01,4.080166997658734029e-01,4.033638226728508136e-01,7.051965965978668205e-02,2.082499999999999907e-01,2.917500000000000093e-01,5.076269067266817037e-02,4.938734683670917974e-02,5.563890972743185809e-02,5.226306576644160901e-02,7.051762940735183116e-02,9.039759939984996773e-02,7.526881720430107781e-02,6.201550387596899139e-02,9.002250562640659592e-02,2.500625156289072379e-02,0.000000000000000000e+00
8.647500000000000000e+02,4.900000000000000000e+01,1.000000000000000000e+00,1.000000000000000000e+00,1.650000000000000078e-02,0.000000000000000000e+00,1.000000000000000000e+00,6.807494424482716244e-01,7.044931209972958852e-01,4.054264715810897979e-01,4.064170836359389249e-01,5.463314367576085906e-02,2.054999999999999882e-01,2.944999999999999840e-01,4.663665916479119850e-02,5.463865966491623233e-02,5.326331582895724170e-02,5.101275318829707334e-02,7.301825456364091638e-02,8.552138034508627307e-02,8.277069267316829182e-02,6.076519129782445572e-02,9.352338084521130690e-02,2.500625156289072379e-02,0.000000000000000000e+00
4.140000000000000000e+02,2.180000000000000000e+02,1.500000000000000000e+00,5.999999999999999778e-01,1.299999999999999940e-02,0.000000000000000000e+00,6.666666666666666297e-01,6.663016649566417815e-01,6.420431170660003684e-01,3.968650199490814656e-01,3.250213840639624707e-01,1.249621655498680400e-01,2.184999999999999998e-01,2.814999999999999725e-01,5.613903475868967097e-02,5.151287821955488622e-02,5.863965991497874231e-02,5.226306576644160901e-02,7.051762940735183116e-02,7.689422355588897140e-02,7.551887971992998771e-02,6.501625406351588254e-02,8.802200550137534441e-02,2.675668917229307234e-02,0.000000000000000000e+00
1.908000000000000000e+03,1.000000000000000000e+01,5.000000000000000000e-01,0.000000000000000000e+00,1.250000000000000069e-02,0.000000000000000000e+00,5.000000000000000000e-01,7.860482795179037918e-01,6.441258205783411128e-01,4.361438577110752224e-01,4.377913557691574531e-01,3.223229586439584765e-02,2.031250000000000000e-01,2.968750000000000000e-01,5.001250312578144758e-02,5.176294073518379613e-02,6.014003500875218788e-02,4.126031507876969096e-02,6.901725431357839946e-02,8.377094273568391758e-02,8.377094273568391758e-02,5.963990997749437500e-02,1.017754438609652368e-01,2.450612653163290744e-02,0.000000000000000000e+00
9.360000000000000000e+02,1.985000000000000000e+02,7.500000000000000000e-01,1.000000000000000000e+00,1.824999999999999886e-02,0.000000000000000000e+00,3.333333333333333148e-01,6.940613191286681971e-01,6.141547663286794911e-01,4.534814343797719527e-01,3.649286808120994485e-01,6.451611364228584944e-02,2.068750000000000033e-01,2.931250000000000244e-01,4.663665916479119850e-02,5.563890972743185809e-02,5.238809702425606396e-02,5.226306576644160901e-02,7.539384846211552582e-02,8.952238059514878998e-02,7.576894223555888375e-02,6.014003500875218788e-02,8.777194298574643450e-02,2.475618904726181388e-02,0.000000000000000000e+00
3.453750000000000000e+02,1.372857142857142776e+02,2.000000000000000000e+00,4.285714285714285476e-01,2.100000000000000130e-02,1.250000000000000000e-01,2.500000000000000000e-01,7.072729621913057541e-01,6.781728197766258015e-01,3.206227288978993895e-01,2.674775576332466542e-01,1.979192667210753764e-01,2.008749999999999980e-01,2.991249999999999742e-01,3.025756439109777290e-02,5.663915978994748385e-02,6.901725431357839946e-02,4.501125281320329796e-02,8.277069267316829182e-02,7.426856714178545205e-02,7.301825456364091638e-02,4.763690922730682425e-02,1.205301325331332857e-01,4.026006501625406520e-02,0.000000000000000000e+00
1.120500000000000000e+03,2.630000000000000000e+02,5.000000000000000000e-01,0.000000000000000000e+00,2.224999999999999895e-02,0.000000000000000000e+00,5.000000000000000000e-01,3.176027167235113691e-01,1.756213258832430846e-01,1.134051597074961226e-01,1.681884602339904222e-01,3.687995866655255917e-01,3.346250000000000058e-01,1.653749999999999942e-01,1.275318829707426938e-01,5.238809702425606396e-02,4.863715928982245695e-02,1.060265066266566636e-01,6.126531632908226860e-02,2.650662665666416590e-02,2.900725181295323724e-02,5.576394098524631304e-02,3.075768942235558925e-02,9.002250562640659592e-02,0.000000000000000000e+00
4.717500000000000000e+02,4.996666666666666856e+02,1.000000000000000000e+00,1.000000000000000000e+00,2.149999999999999828e-02,2.500000000000000000e-01,5.000000000000000000e-01,2.562907273789626905e-01,1.597017185252479488e-01,9.192721277011699221e-02,6.704244584999603795e-02,4.214906721647957433e-01,3.533749999999999947e-01,1.466250000000000053e-01,1.312828207051763008e-01,4.838709677419354704e-02,4.676169042260565345e-02,1.270317579394848739e-01,5.588897224306076800e-02,2.563140785196299162e-02,1.825456364091022909e-02,4.563640910227556580e-02,2.700675168792197878e-02,1.205301325331332857e-01,0.000000000000000000e+00
5.772000000000000455e+02,2.732500000000000000e+02,1.250000000000000000e+00,7.500000000000000000e-01,2.400000000000000050e-02,0.000000000000000000e+00,5.999999999999999778e-01,2.332237446874439180e-01,2.107869015975780413e-01,1.430457408266788688e-01,1.104445672572236109e-01,3.925618150225426151e-01,3.413749999999999840e-01,1.586249999999999882e-01,1.259064766191548002e-01,4.826206551637909209e-02,4.851212803200800200e-02,1.187796949237309302e-01,6.076519129782445572e-02,2.525631407851963023e-02,2.400600150037509456e-02,5.263815953988497387e-02,3.250812703175794127e-02,1.020255063765941467e-01,0.000000000000000000e+00
1.017000000000000000e+03,1.675000000000000000e+02,7.500000000000000000e-01,5.000000000000000000e-01,2.624999999999999903e-02,0.000000000000000000e+00,6.666666666666666297e-01,1.910854839705679598e-01,1.413505700046275015e-01,5.579586776569561007e-02,1.025915903285084946e-01,3.591606286413094318e-01,3.215000000000000080e-01,1.784999999999999920e-01,1.111527881970492682e-01,5.638909727431858088e-02,5.051262815703926046e-02,1.035258814703675923e-01,7.026756689172293513e-02,3.175793948487121848e-02,2.600650162540635302e-02,5.451362840710177737e-02,3.575893973493373540e-02,8.552138034508627307e-02,0.000000000000000000e+00
1.025000000000000000e+03,8.000000000000000000e+00,7.500000000000000000e-01,0.000000000000000000e+00,2.875000000000000125e-02,6.666666666666666297e-01,1.000000000000000000e+00,1.412276721481720565e-01,1.546307351185400025e-01,5.779256802699673373e-02,1.247977474386256502e-01,4.239094856894619623e-01,3.267499999999999849e-01,1.732499999999999873e-01,1.122780695173793419e-01,5.238809702425606396e-02,4.938734683670917974e-02,1.127781945486371618e-01,7.139284821205300891e-02,2.675668917229307234e-02,2.575643910977744311e-02,5.263815953988497387e-02,4.151037759439860086e-02,9.027256814203550583e-02,0.000000000000000000e+00
7.400000000000000000e+02,1.190000000000000000e+02,7.500000000000000000e-01,5.000000000000000000e-01,3.074999999999999956e-02,3.333333333333333148e-01,1.000000000000000000e+00,2.816533835491181192e-01,1.320714096449390473e-01,4.710655631708263180e-02,5.925794215267898152e-02,3.754191991034095954e-01,3.367499999999999938e-01,1.632500000000000062e-01,1.230307576894223570e-01,5.188797199299825108e-02,4.863715928982245695e-02,1.132783195798949677e-01,6.739184796199049199e-02,2.313078269567391682e-02,2.400600150037509456e-02,5.251312828207051892e-02,3.575893973493373540e-02,9.377344336084021681e-02,0.000000000000000000e+00
1.042000000000000000e+03,5.750000000000000000e+01,7.500000000000000000e-01,0.000000000000000000e+00,1.899999999999999953e-02,3.333333333333333148e-01,1.000000000000000000e+00,1.656283282254469857e-01,1.586162287969402340e-01,7.164791938621285772e-02,1.164835512959394859e-01,3.920017029378236040e-01,3.401250000000000107e-01,1.598749999999999893e-01,1.276569142285571279e-01,5.013753438359589559e-02,4.563640910227556580e-02,1.167791947986996787e-01,6.614153538384595632e-02,2.500625156289072379e-02,2.300575143785946533e-02,5.151287821955488622e-02,3.325831457864466406e-02,9.477369342335584257e-02,0.000000000000000000e+00
9.230000000000000000e+02,1.795000000000000000e+02,7.500000000000000000e-01,0.000000000000000000e+00,2.100000000000000130e-02,3.333333333333333148e-01,1.000000000000000000e+00,2.550336555486640844e-01,1.963007087452389166e-01,6.110911772277224929e-02,1.455679368360937309e-01,4.425427571702481577e-01,3.337499999999999911e-01,1.662500000000000089e-01,1.214053513378344634e-01,5.338834708677168972e-02,4.901225306326581488e-02,1.100275068767191805e-01,6.401600400100025678e-02,2.525631407851963023e-02,2.775693923480870157e-02,5.438859714928732242e-02,3.325831457864466406e-02,9.402350587646911284e-02,0.000000000000000000e+00
9.330000000000000000e+02,7.300000000000000000e+01,7.500000000000000000e-01,0.000000000000000000e+00,1.375000000000000007e-02,0.000000000000000000e+00,1.000000000000000000e+00,1.482220598887215024e-01,1.327797434549846112e-01,2.122226658436849461e-02,8.624686233460823748e-02,4.848775444030437032e-01,3.472500000000000031e-01,1.527499999999999969e-01,1.372843210802700553e-01,5.076269067266817037e-02,5.201300325081270604e-02,1.072768192048011993e-01,6.764191047761940190e-02,1.600400100025006420e-02,1.700425106276568996e-02,5.038759689922480550e-02,3.550887721930482549e-02,9.202300575143786132e-02,0.000000000000000000e+00
6.330000000000000000e+02,6.000000000000000000e+00,7.500000000000000000e-01,0.000000000000000000e+00,2.000000000000000042e-02,0.000000000000000000e+00,6.666666666666666297e-01,1.865699155363947370e-01,1.221603027175782591e-01,7.078599720676786999e-02,8.150514000503697454e-02,4.227076035441994506e-01,3.367499999999999938e-01,1.632500000000000062e-01,1.219054763690922694e-01,5.026256564141035055e-02,4.938734683670917974e-02,1.152788197049262331e-01,6.401600400100025678e-02,2.750687671917979513e-02,2.225556389097274254e-02,5.276319079769942189e-02,3.275818954738684424e-02,9.802450612653162976e-02,0.000000000000000000e+00
4.100000000000000000e+02,7.490000000000000000e+02,7.500000000000000000e-01,5.000000000000000000e-01,2.050000000000000086e-02,0.000000000000000000e+00,6.666666666666666297e-01,1.596060782036391734e-01,2.768723098995696241e-01,1.291697641214438197e-01,1.834784712143202878e-01,3.908881730326737580e-01,3.302499999999999880e-01,1.697500000000000120e-01,1.182795698924731242e-01,5.351337834458614467e-02,4.863715928982245695e-02,1.097774443610902706e-01,5.988997249312327797e-02,2.963240810202550507e-02,3.150787696924230857e-02,5.413853463365841251e-02,3.250812703175794127e-02,9.802450612653162976e-02,0.000000000000000000e+00
9.480000000000000000e+02,2.160000000000000000e+02,7.500000000000000000e-01,5.000000000000000000e-01,1.874999999999999931e-02,0.000000000000000000e+00,1.000000000000000000e+00,1.629557608836263161e-01,1.736853934187088389e-01,9.651226084190961396e-02,8.253604718215165614e-02,4.406653487951402437e-01,3.528749999999999942e-01,1.471250000000000058e-01,1.345336334083520879e-01,4.413603400850212716e-02,4.801200300075018912e-02,1.262815703925981581e-01,6.026506626656664284e-02,2.313078269567391682e-02,1.575393848462115429e-02,5.188797199299825108e-02,2.800700175043760801e-02,1.060265066266566636e-01,0.000000000000000000e+00
4.140000000000000000e+02,1.870000000000000000e+02,1.500000000000000000e+00,2.000000000000000111e-01,1.899999999999999953e-02,0.000000000000000000e+00,6.666666666666666297e-01,2.993234370343924033e-01,1.935635266782193553e-01,4.586795166500919757e-02,1.095774117215662924e-01,4.184851380785984953e-01,3.257499999999999840e-01,1.742499999999999882e-01,1.120280070017504320e-01,6.139034758689672355e-02,5.126281570392598325e-02,1.010252563140785209e-01,6.926731682920729549e-02,2.700675168792197878e-02,2.675668917229307234e-02,5.263815953988497387e-02,3.325831457864466406e-02,9.177294323580895141e-02,0.000000000000000000e+00
6.366000000000000227e+02,1.195000000000000000e+02,1.250000000000000000e+00,2.500000000000000000e-01,1.899999999999999953e-02,2.000000000000000111e-01,8.000000000000000444e-01,2.014241260437571179e-01,2.074251386192965396e-01,7.259815162164316715e-02,1.320349586098167882e-01,3.955339558928910870e-01,3.325000000000000178e-01,1.675000000000000100e-01,1.180295073768442143e-01,5.426356589147286746e-02,4.688672168042010840e-02,1.132783195798949677e-01,6.814203550887722172e-02,2.813203300825206296e-02,2.425606401600400100e-02,4.863715928982245695e-02,3.650912728182045819e-02,9.777444361090271985e-02,0.000000000000000000e+00
6.607500000000000000e+02,1.203333333333333286e+02,1.000000000000000000e+00,0.000000000000000000e+00,1.200000000000000025e-02,0.000000000000000000e+00,2.500000000000000000e-01,2.075622567288736009e-01,1.836400767844371673e-01,1.119615287674022852e-01,1.458862529114257345e-01,4.522357686040581748e-01,3.513749999999999929e-01,1.486250000000000071e-01,1.394098524631157687e-01,4.151037759439860086e-02,4.813703425856464407e-02,1.222805701425356273e-01,5.276319079769942189e-02,2.650662665666416590e-02,2.125531382845711331e-02,5.788947236809202646e-02,2.275568892223055889e-02,1.012753188297074308e-01,0.000000000000000000e+00
1.551000000000000000e+03,-1.700000000000000000e+01,5.000000000000000000e-01,0.000000000000000000e+00,2.249999999999999917e-02,1.000000000000000000e+00,5.000000000000000000e-01,3.043313974095415153e-01,3.438057501267581251e-01,1.037095170677096584e-01,1.084753149899015112e-01,3.241810832291200928e-01,3.066249999999999809e-01,1.933749999999999913e-01,9.702425606401600400e-02,5.363840960240059963e-02,6.589147286821706029e-02,9.002250562640659592e-02,6.226556639159790130e-02,3.625906476619154828e-02,2.900725181295323724e-02,6.201550387596899139e-02,4.151037759439860086e-02,8.527131782945736316e-02,1.000000000000000000e+00
3.828000000000000114e+02,4.807500000000000000e+02,1.250000000000000000e+00,0.000000000000000000e+00,1.124999999999999958e-02,2.000000000000000111e-01,2.000000000000000111e-01,2.881508085961340115e-01,2.987922996543685983e-01,1.307363985823143115e-01,1.359399656299593306e-01,3.489119817649101174e-01,3.315000000000000169e-01,1.685000000000000109e-01,1.252813203300825184e-01,5.513878469617404521e-02,5.688922230557639376e-02,9.427356839209802275e-02,5.551387846961740313e-02,3.263315828957239623e-02,2.350587646911727821e-02,5.038759689922480550e-02,3.025756439109777290e-02,1.002750687671917912e-01,1.000000000000000000e+00
3.431250000000000000e+02,1.007142857142857082e+02,2.000000000000000000e+00,1.428571428571428492e-01,1.299999999999999940e-02,2.500000000000000000e-01,1.250000000000000000e-01,3.588889554496217382e-01,2.448030057139354565e-01,1.480132440265488347e-01,1.707602196031751673e-01,3.192595632415066720e-01,3.332499999999999907e-01,1.667500000000000093e-01,1.350337584396099078e-01,5.176294073518379613e-02,5.801450362590647447e-02,8.852213053263316422e-02,5.651412853213303583e-02,2.625656414103525946e-02,2.600650162540635302e-02,5.201300325081270604e-02,3.675918979744936116e-02,8.952238059514878998e-02,1.000000000000000000e+00
3.355714285714285552e+02,3.166666666666666519e+00,1.750000000000000000e+00,0.000000000000000000e+00,1.874999999999999931e-02,2.857142857142856984e-01,2.857142857142856984e-01,3.656478733367620748e-01,3.588134584303166452e-01,2.106965185440828892e-01,1.389166421665053441e-01,2.981103392980787858e-01,3.013750000000000040e-01,1.986249999999999960e-01,1.074018504626156473e-01,5.563890972743185809e-02,6.251562890722681121e-02,7.576894223555888375e-02,6.014003500875218788e-02,3.800950237559389683e-02,3.800950237559389683e-02,5.726431607901975168e-02,4.776194048512127921e-02,7.651912978244561347e-02,1.000000000000000000e+00
1.133000000000000000e+03,1.030000000000000000e+02,7.500000000000000000e-01,0.000000000000000000e+00,1.975000000000000019e-02,6.666666666666666297e-01,0.000000000000000000e+00,5.336716328636332829e-01,4.745043896241117332e-01,2.792138416578762716e-01,3.194778868734735600e-01,1.872536584038055341e-01,2.467499999999999971e-01,2.532499999999999751e-01,7.476869217304325799e-02,4.963740935233808271e-02,5.113778444611152829e-02,7.126781695423856089e-02,6.451612903225806273e-02,6.276569142285570724e-02,7.476869217304325799e-02,6.001500375093773293e-02,8.077019254813704030e-02,4.751187796949237624e-02,1.000000000000000000e+00
5.348571428571428896e+02,1.550000000000000000e+01,1.750000000000000000e+00,0.000000000000000000e+00,2.224999999999999895e-02,5.714285714285713969e-01,2.857142857142856984e-01,5.289169781182418983e-01,5.403353310502282403e-01,2.803437491123477177e-01,3.436286410800880597e-01,1.543738228972871829e-01,2.372499999999999887e-01,2.627499999999999836e-01,6.239059764941235625e-02,5.588897224306076800e-02,5.201300325081270604e-02,6.701675418854713406e-02,6.826706676669166973e-02,6.326581645411352706e-02,7.926981745436359472e-02,6.401600400100025678e-02,7.951987996999250463e-02,4.251062765691422662e-02,1.000000000000000000e+00
3.926666666666666856e+02,2.300000000000000000e+01,2.250000000000000000e+00,0.000000000000000000e+00,2.274999999999999939e-02,6.666666666666666297e-01,2.222222222222222099e-01,5.282870750722474806e-01,5.245158046362732307e-01,2.560882106212288289e-01,3.167363440797225094e-01,1.954853393865274291e-01,2.538750000000000173e-01,2.461250000000000104e-01,7.601900475118779366e-02,5.251312828207051892e-02,5.688922230557639376e-02,6.851712928232057964e-02,7.164291072768191881e-02,5.576394098524631304e-02,6.176544136034008842e-02,6.126531632908226860e-02,7.651912978244561347e-02,4.501125281320329796e-02,1.000000000000000000e+00
4.345000000000000000e+02,1.625999999999999943e+02,1.500000000000000000e+00,2.000000000000000111e-01,2.000000000000000042e-02,6.666666666666666297e-01,3.333333333333333148e-01,5.469750295428789100e-01,4.941464689062842197e-01,2.497444756257235776e-01,3.404072824160737643e-01,2.177097933221226189e-01,2.482499999999999984e-01,2.517499999999999738e-01,7.764441110277568725e-02,5.088772193048261838e-02,5.576394098524631304e-02,6.401600400100025678e-02,6.839209802450613163e-02,6.314078519629907904e-02,6.451612903225806273e-02,5.513878469617404521e-02,8.252063015753938191e-02,4.701175293823455642e-02,1.000000000000000000e+00
3.610000000000000000e+02,-6.150000000000000000e+01,7.500000000000000000e-01,5.000000000000000000e-01,1.675000000000000100e-02,0.000000000000000000e+00,0.000000000000000000e+00,5.318246657034262359e-01,5.796693771780895288e-01,2.963246933122279381e-01,3.491603185595567593e-01,1.467896715472892799e-01,2.271249999999999936e-01,2.728749999999999787e-01,6.639159789947486623e-02,4.563640910227556580e-02,6.401600400100025678e-02,5.101275318829707334e-02,6.701675418854713406e-02,6.751687921980495388e-02,7.426856714178545205e-02,6.026506626656664284e-02,9.952488122030507534e-02,3.350837709427356703e-02,1.000000000000000000e+00
5.310000000000000000e+02,1.032500000000000000e+02,1.250000000000000000e+00,0.000000000000000000e+00,2.249999999999999917e-02,8.000000000000000444e-01,2.000000000000000111e-01,4.634343968040005590e-01,5.097638963535096046e-01,2.757840045027823983e-01,2.948880853263101676e-01,2.206036808121999981e-01,2.489999999999999991e-01,2.510000000000000009e-01,7.214303575893973863e-02,4.913728432108026983e-02,5.376344086021505458e-02,7.401850462615654214e-02,6.526631657914479245e-02,6.651662915728932812e-02,6.526631657914479245e-02,6.089022255563891067e-02,7.451862965741434808e-02,5.076269067266817037e-02,1.000000000000000000e+00
4.043999999999999773e+02,2.040000000000000000e+02,1.250000000000000000e+00,0.000000000000000000e+00,1.549999999999999989e-02,0.000000000000000000e+00,0.000000000000000000e+00,5.894960656720439340e-01,6.583182519755219619e-01,3.778572720345491076e-01,2.257598983865636844e-01,1.024632411792713860e-01,2.217500000000000027e-01,2.782499999999999973e-01,5.176294073518379613e-02,5.951487871967992005e-02,5.526381595398850016e-02,5.526381595398850016e-02,7.076769192298074107e-02,6.664166041510377614e-02,8.552138034508627307e-02,6.414103525881470480e-02,8.802200550137534441e-02,3.500875218804701261e-02,1.000000000000000000e+00
3.555000000000000000e+02,2.928000000000000114e+02,1.500000000000000000e+00,0.000000000000000000e+00,1.299999999999999940e-02,0.000000000000000000e+00,0.000000000000000000e+00,6.701873192884016950e-01,7.186222173839126315e-01,3.349544492812705498e-01,3.670201923704443092e-01,1.829659644671303431e-01,2.103750000000000064e-01,2.896250000000000213e-01,4.838709677419354704e-02,6.251562890722681121e-02,5.726431607901975168e-02,4.226056514128532365e-02,7.439359839959990006e-02,6.901725431357839946e-02,8.877219304826206026e-02,6.214053513378344634e-02,9.602400600150037824e-02,2.550637659414853667e-02,1.000000000000000000e+00
7.343999999999999773e+02,5.800000000000000000e+01,1.250000000000000000e+00,7.500000000000000000e-01,1.849999999999999908e-02,1.000000000000000000e+00,5.999999999999999778e-01,4.984875087108536773e-01,5.651099507541873512e-01,2.595601479362430464e-01,3.035935709981392172e-01,1.840683377369860541e-01,2.498750000000000138e-01,2.501249999999999862e-01,6.814203550887722172e-02,5.851462865716429429e-02,5.326331582895724170e-02,7.001750437609402522e-02,7.014253563390847324e-02,5.951487871967992005e-02,6.726681670417604397e-02,5.826456614153538438e-02,7.376844211052763223e-02,5.326331582895724170e-02,1.000000000000000000e+00
1.288500000000000000e+03,5.400000000000000000e+01,5.000000000000000000e-01,1.000000000000000000e+00,2.424999999999999725e-02,1.000000000000000000e+00,5.000000000000000000e-01,4.382447518455078739e-01,4.421897231923424543e-01,2.985744428737734935e-01,2.402762764011308894e-01,1.887979689838683028e-01,2.726250000000000062e-01,2.273749999999999938e-01,8.489622405601400523e-02,4.876219054763691191e-02,5.388847211802950954e-02,8.502125531382845325e-02,6.439109777444361471e-02,5.088772193048261838e-02,5.826456614153538438e-02,5.851462865716429429e-02,6.926731682920729549e-02,6.476619154788697263e-02,1.000000000000000000e+00
4.851428571428571672e+02,7.500000000000000000e+01,1.750000000000000000e+00,0.000000000000000000e+00,1.225000000000000047e-02,5.714285714285713969e-01,0.000000000000000000e+00,5.571712191277488069e-01,5.190256491646295656e-01,3.037733475819625051e-01,2.711196500985984525e-01,1.998538750668107933e-01,2.454999999999999960e-01,2.545000000000000040e-01,6.976744186046511531e-02,5.401350337584395755e-02,5.963990997749437500e-02,6.201550387596899139e-02,6.576644161040259839e-02,6.189047261815453643e-02,6.726681670417604397e-02,6.351587896974243697e-02,7.501875468867216790e-02,4.651162790697674354e-02,1.000000000000000000e+00
3.503999999999999773e+02,3.127500000000000000e+02,1.250000000000000000e+00,5.000000000000000000e-01,1.750000000000000167e-02,0.000000000000000000e+00,2.000000000000000111e-01,4.890465872852291507e-01,5.501402201111158519e-01,2.856731993683598869e-01,2.740852932059692493e-01,2.164363537341309762e-01,2.520000000000000018e-01,2.479999999999999982e-01,7.501875468867216790e-02,5.226306576644160901e-02,5.876469117279319726e-02,6.601650412603150830e-02,7.051762940735183116e-02,5.088772193048261838e-02,6.776694173543386379e-02,5.926481620405101014e-02,8.552138034508627307e-02,4.726181545386346633e-02,1.000000000000000000e+00
5.400000000000000000e+02,6.170000000000000000e+02,7.500000000000000000e-01,5.000000000000000000e-01,1.600000000000000033e-02,6.666666666666666297e-01,3.333333333333333148e-01,2.883354866494401425e-01,2.002993132843949864e-01,1.010552061495457732e-01,8.132256140171463532e-02,3.737961514206337155e-01,3.593750000000000000e-01,1.406250000000000000e-01,1.449112278069517312e-01,4.638659664916228859e-02,5.013753438359589559e-02,1.180295073768442143e-01,5.126281570392598325e-02,2.163040760190047471e-02,1.750437609402350631e-02,4.651162790697674354e-02,2.600650162540635302e-02,1.167791947986996787e-01,1.000000000000000000e+00
7.620000000000000000e+02,1.450000000000000000e+01,1.250000000000000000e+00,0.000000000000000000e+00,1.400000000000000029e-02,8.000000000000000444e-01,4.000000000000000222e-01,3.503948010487653586e-01,2.112597647571643478e-01,1.251561439767596429e-01,1.328100089718547427e-01,3.421228933031135178e-01,3.183750000000000191e-01,1.816250000000000087e-01,1.136534133533383395e-01,5.276319079769942189e-02,5.638909727431858088e-02,9.552388097024255842e-02,6.026506626656664284e-02,3.225806451612903136e-02,3.275818954738684424e-02,5.388847211802950954e-02,4.276069017254313653e-02,9.052263065766441574e-02,1.000000000000000000e+00
3.536250000000000000e+02,3.128571428571428470e+01,2.000000000000000000e+00,5.714285714285713969e-01,1.949999999999999997e-02,7.500000000000000000e-01,2.500000000000000000e-01,3.360583013316576495e-01,1.852001116382188672e-01,1.322613529348311556e-01,7.699217701622385057e-02,3.726612709411077917e-01,3.411250000000000115e-01,1.588749999999999885e-01,1.330332583145786562e-01,5.001250312578144758e-02,5.338834708677168972e-02,1.045261315328832180e-01,5.538884721180294818e-02,2.163040760190047471e-02,2.850712678169542436e-02,5.901475368842210717e-02,2.825706426606651792e-02,9.377344336084021681e-02,1.000000000000000000e+00
6.270000000000000000e+02,1.300000000000000000e+01,1.000000000000000000e+00,0.000000000000000000e+00,1.074999999999999914e-02,1.000000000000000000e+00,0.000000000000000000e+00,3.512272279316611678e-01,2.339262709953829900e-01,8.204661339870050751e-02,1.319308262820059752e-01,3.396561544928151100e-01,3.192499999999999782e-01,1.807499999999999940e-01,1.136534133533383395e-01,6.089022255563891067e-02,5.251312828207051892e-02,9.202300575143786132e-02,6.214053513378344634e-02,3.163290822705676353e-02,3.450862715678919973e-02,5.251312828207051892e-02,3.575893973493373540e-02,9.102275568892223556e-02,1.000000000000000000e+00
1.893000000000000000e+03,1.200000000000000000e+01,5.000000000000000000e-01,0.000000000000000000e+00,1.200000000000000025e-02,1.000000000000000000e+00,5.000000000000000000e-01,3.880061301614391445e-01,2.041972329301219857e-01,1.101453570081631084e-01,1.319114757183673103e-01,3.826893644118365412e-01,3.181249999999999911e-01,1.818750000000000089e-01,1.076519129782445572e-01,6.089022255563891067e-02,5.538884721180294818e-02,9.427356839209802275e-02,6.126531632908226860e-02,2.900725181295323724e-02,3.625906476619154828e-02,5.301325331332833179e-02,3.900975243810952953e-02,9.602400600150037824e-02,1.000000000000000000e+00
2.970000000000000000e+03,nan,2.500000000000000000e-01,nan,1.450000000000000074e-02,1.000000000000000000e+00,0.000000000000000000e+00,3.552238805970148738e-01,1.844660194174757295e-01,9.655172413793103314e-02,1.195402298850574696e-01,3.448275862068965747e-01,3.113750000000000129e-01,1.886249999999999871e-01,1.111527881970492682e-01,5.963990997749437500e-02,5.538884721180294818e-02,8.527131782945736316e-02,6.639159789947486623e-02,3.050762690672668281e-02,3.625906476619154828e-02,5.138784696174043820e-02,4.701175293823455642e-02,8.252063015753938191e-02,1.000000000000000000e+00
4.567500000000000000e+02,7.428571428571428825e+00,2.000000000000000000e+00,0.000000000000000000e+00,1.549999999999999989e-02,8.750000000000000000e-01,0.000000000000000000e+00,3.795423598666166076e-01,2.440005206437929064e-01,1.004286538265777712e-01,1.192517542347120568e-01,3.600682052836672309e-01,3.107500000000000262e-01,1.892500000000000016e-01,1.082770692673168250e-01,5.901475368842210717e-02,5.551387846961740313e-02,8.802200550137534441e-02,6.251562890722681121e-02,2.875718929732433080e-02,4.251062765691422662e-02,5.651412853213303583e-02,4.501125281320329796e-02,8.327081770442611164e-02,1.000000000000000000e+00
9.937500000000000000e+02,-4.000000000000000000e+00,1.000000000000000000e+00,0.000000000000000000e+00,1.099999999999999936e-02,1.000000000000000000e+00,2.500000000000000000e-01,3.321347557002529149e-01,2.942386824487128738e-01,8.108415759803813683e-02,1.486056411002931732e-01,3.797396705354883495e-01,3.201249999999999929e-01,1.798750000000000071e-01,1.122780695173793419e-01,5.876469117279319726e-02,5.801450362590647447e-02,9.102275568892223556e-02,6.089022255563891067e-02,2.688172043010752729e-02,3.400850212553137991e-02,5.851462865716429429e-02,3.575893973493373540e-02,8.852213053263316422e-02,1.000000000000000000e+00
2.967272727272727479e+02,4.229999999999999716e+01,2.750000000000000000e+00,0.000000000000000000e+00,1.274999999999999918e-02,1.000000000000000000e+00,9.090909090909091161e-02,2.837304513585711674e-01,3.704958155982649437e-01,9.305128338546660161e-02,1.604484312032743443e-01,4.226425704391067462e-01,3.250000000000000111e-01,1.749999999999999889e-01,1.119029757439359840e-01,5.501375343835959025e-02,6.226556639159790130e-02,9.577394348587146833e-02,6.001500375093773293e-02,2.600650162540635302e-02,2.675668917229307234e-02,5.826456614153538438e-02,3.575893973493373540e-02,9.477369342335584257e-02,1.000000000000000000e+00
4.223333333333333144e+02,1.050000000000000000e+01,2.250000000000000000e+00,2.500000000000000000e-01,1.299999999999999940e-02,1.000000000000000000e+00,2.222222222222222099e-01,3.197200928884514348e-01,1.952744230112599955e-01,1.148328448553207898e-01,1.295323829357072354e-01,4.101602036913261640e-01,3.371250000000000080e-01,1.628749999999999920e-01,1.277819454863715898e-01,5.051262815703926046e-02,5.151287821955488622e-02,1.072768192048011993e-01,5.713928482120530367e-02,2.575643910977744311e-02,2.850712678169542436e-02,5.463865966491623233e-02,3.200800200050012839e-02,9.752438109527382382e-02,1.000000000000000000e+00
4.338750000000000000e+02,2.157142857142857295e+01,2.000000000000000000e+00,0.000000000000000000e+00,1.200000000000000025e-02,8.750000000000000000e-01,0.000000000000000000e+00,3.323594632357046441e-01,1.836168583921880815e-01,7.423141529868734767e-02,1.834372192424525982e-01,4.290990802080655309e-01,3.340000000000000191e-01,1.660000000000000087e-01,1.285321330332583056e-01,5.326331582895724170e-02,5.288822205551387684e-02,9.927481870467616543e-02,5.988997249312327797e-02,2.350587646911727821e-02,2.975743935983996002e-02,5.951487871967992005e-02,2.975743935983996002e-02,8.602150537634409289e-02,1.000000000000000000e+00
6.833999999999999773e+02,7.425000000000000000e+01,1.250000000000000000e+00,0.000000000000000000e+00,1.349999999999999985e-02,1.000000000000000000e+00,0.000000000000000000e+00,4.304904244596546303e-01,3.555262092396838103e-01,2.777428180906652000e-01,2.352677336553007370e-01,2.364821432433940607e-01,2.829999999999999738e-01,2.169999999999999984e-01,1.004001000250062531e-01,4.788697174293573416e-02,4.501125281320329796e-02,8.977244311077769989e-02,5.926481620405101014e-02,4.326081520380094941e-02,6.926731682920729549e-02,4.863715928982245695e-02,7.726931732933232932e-02,7.476869217304325799e-02,1.000000000000000000e+00
1.885000000000000000e+02,2.871999999999999886e+02,1.500000000000000000e+00,2.000000000000000111e-01,1.549999999999999989e-02,6.666666666666666297e-01,0.000000000000000000e+00,3.419423424382483367e-01,3.379594543387646755e-01,1.952641558537843158e-01,2.647256426456210399e-01,1.594461993640995667e-01,3.031249999999999778e-01,1.968749999999999944e-01,1.146536634158539653e-01,4.551137784446111778e-02,4.826206551637909209e-02,9.477369342335584257e-02,5.338834708677168972e-02,4.588647161790447571e-02,4.926231557889472479e-02,5.163790947736934117e-02,5.376344086021505458e-02,8.352088022005500767e-02,1.000000000000000000e+00
1.129000000000000000e+03,2.000000000000000000e+01,7.500000000000000000e-01,0.000000000000000000e+00,1.274999999999999918e-02,1.000000000000000000e+00,6.666666666666666297e-01,4.357589639161905115e-01,3.169160722887822135e-01,1.353813023349107469e-01,1.266768369185044818e-01,2.958783488539360462e-01,2.998750000000000027e-01,2.001249999999999973e-01,9.427356839209802275e-02,5.563890972743185809e-02,6.126531632908226860e-02,8.877219304826206026e-02,6.501625406351588254e-02,4.038509627406852015e-02,3.350837709427356703e-02,6.189047261815453643e-02,4.226056514128532365e-02,7.851962990747686499e-02,1.000000000000000000e+00
5.585000000000000000e+02,3.479999999999999716e+01,1.500000000000000000e+00,0.000000000000000000e+00,2.224999999999999895e-02,1.000000000000000000e+00,1.666666666666666574e-01,3.433126942302729967e-01,3.491355240157177908e-01,1.181417105347231378e-01,1.373318154712876160e-01,2.398006451873447853e-01,3.049999999999999933e-01,1.950000000000000067e-01,9.852463115778944958e-02,5.388847211802950954e-02,6.789197299324831181e-02,8.477119279819954334e-02,5.838959739934983934e-02,4.563640910227556580e-02,2.300575143785946533e-02,5.613903475868967097e-02,3.925981495373843250e-02,9.202300575143786132e-02,1.000000000000000000e+00
4.594285714285714448e+02,7.383333333333332860e+01,1.750000000000000000e+00,0.000000000000000000e+00,2.000000000000000042e-02,1.000000000000000000e+00,2.857142857142856984e-01,3.710896022620092660e-01,2.983654537490967873e-01,1.514792731048676122e-01,1.205491859172304753e-01,2.923341405561585837e-01,3.048750000000000071e-01,1.951249999999999929e-01,1.022755688922230566e-01,5.176294073518379613e-02,6.639159789947486623e-02,8.452113028257064731e-02,5.663915978994748385e-02,3.838459614903726169e-02,3.375843960990247694e-02,6.251562890722681121e-02,4.251062765691422662e-02,8.327081770442611164e-02,1.000000000000000000e+00
9.410000000000000000e+02,1.350000000000000000e+01,7.500000000000000000e-01,0.000000000000000000e+00,2.100000000000000130e-02,1.000000000000000000e+00,3.333333333333333148e-01,4.377389830705324392e-01,3.423486265713991950e-01,1.192370654674906327e-01,1.073162173271159647e-01,2.643173764234770240e-01,2.987500000000000155e-01,2.012500000000000122e-01,9.077269317329332565e-02,5.638909727431858088e-02,6.976744186046511531e-02,8.177044261065266606e-02,6.501625406351588254e-02,3.800950237559389683e-02,2.850712678169542436e-02,6.051512878219554581e-02,4.626156539134783363e-02,8.252063015753938191e-02,1.000000000000000000e+00
8.647500000000000000e+02,1.393333333333333428e+02,1.000000000000000000e+00,0.000000000000000000e+00,2.100000000000000130e-02,1.000000000000000000e+00,5.000000000000000000e-01,3.470606257014187124e-01,3.359449932020541763e-01,9.627336475624392875e-02,1.112381339517479473e-01,2.904453203641482184e-01,3.114999999999999991e-01,1.885000000000000009e-01,9.752438109527382382e-02,5.513878469617404521e-02,6.039009752438109779e-02,9.852463115778944958e-02,6.326581645411352706e-02,3.538384596149037054e-02,2.950737684421105358e-02,6.014003500875218788e-02,3.775943985996499386e-02,9.052263065766441574e-02,1.000000000000000000e+00
1.109000000000000000e+03,2.900000000000000000e+01,7.500000000000000000e-01,0.000000000000000000e+00,2.249999999999999917e-02,1.000000000000000000e+00,6.666666666666666297e-01,3.490093148813732116e-01,3.189883957657200231e-01,1.552189110299345420e-01,1.460072295649439411e-01,2.782302256663123918e-01,3.042500000000000204e-01,1.957500000000000073e-01,9.864966241560389759e-02,5.176294073518379613e-02,6.501625406351588254e-02,8.877219304826206026e-02,6.351587896974243697e-02,3.700925231307827107e-02,3.025756439109777290e-02,6.576644161040259839e-02,4.126031507876969096e-02,7.626906726681670357e-02,1.000000000000000000e+00
8.100000000000000000e+02,6.000000000000000000e+01,1.000000000000000000e+00,3.333333333333333148e-01,1.450000000000000074e-02,7.500000000000000000e-01,7.500000000000000000e-01,3.910741087280942274e-01,4.890028784096786540e-01,1.835978709567707423e-01,2.207096193026995001e-01,2.397177419909100049e-01,2.763749999999999818e-01,2.236249999999999905e-01,7.876969242310577490e-02,6.089022255563891067e-02,5.701425356339084871e-02,7.951987996999250463e-02,6.039009752438109779e-02,5.326331582895724170e-02,5.301325331332833179e-02,5.951487871967992005e-02,5.001250312578144758e-02,7.776944236059014914e-02,1.000000000000000000e+00
1.827000000000000000e+03,-1.000000000000000000e+00,5.000000000000000000e-01,0.000000000000000000e+00,7.250000000000000368e-03,1.000000000000000000e+00,5.000000000000000000e-01,3.932397516322465592e-01,3.501237746927401417e-01,1.243327485844756414e-01,1.165189417857769999e-01,2.346121839638027340e-01,2.763749999999999818e-01,2.236249999999999905e-01,7.701925481370341942e-02,5.638909727431858088e-02,7.101775443860965098e-02,7.201800450112527674e-02,6.776694173543386379e-02,4.351087771942985932e-02,4.126031507876969096e-02,5.676419104776193880e-02,6.701675418854713406e-02,7.476869217304325799e-02,1.000000000000000000e+00
1.911000000000000000e+03,nan,2.500000000000000000e-01,nan,1.124999999999999958e-02,1.000000000000000000e+00,0.000000000000000000e+00,3.016528925619834656e-01,3.098591549295774406e-01,1.600000000000000033e-01,1.079999999999999988e-01,2.760000000000000231e-01,3.069999999999999951e-01,1.930000000000000049e-01,8.427106776694173740e-02,5.626406601650412592e-02,6.876719179794948955e-02,9.777444361090271985e-02,5.926481620405101014e-02,4.551137784446111778e-02,1.950487621905476476e-02,5.601400350087521601e-02,3.525881470367591558e-02,1.072768192048011993e-01,1.000000000000000000e+00
4.057500000000000000e+02,1.714285714285714191e+00,2.000000000000000000e+00,0.000000000000000000e+00,1.650000000000000078e-02,8.750000000000000000e-01,0.000000000000000000e+00,3.226435741413920533e-01,3.993268892386755420e-01,1.148535178132071150e-01,1.268859943739047424e-01,3.686886235048891236e-01,3.113750000000000129e-01,1.886249999999999871e-01,9.402350587646911284e-02,5.101275318829707334e-02,7.001750437609402522e-02,9.627406851712928815e-02,5.826456614153538438e-02,3.663415853963490620e-02,2.375593898474618812e-02,5.801450362590647447e-02,4.301075268817204644e-02,1.010252563140785209e-01,1.000000000000000000e+00
1.474500000000000000e+03,1.090000000000000000e+02,5.000000000000000000e-01,0.000000000000000000e+00,6.749999999999999924e-03,1.000000000000000000e+00,0.000000000000000000e+00,3.288474154077257183e-01,3.669649791462543664e-01,1.149956564975367773e-01,7.172857889535795561e-02,2.920704063045210797e-01,3.076249999999999818e-01,1.923749999999999905e-01,9.314828707176793510e-02,5.026256564141035055e-02,7.914478619654913283e-02,8.502125531382845325e-02,5.901475368842210717e-02,3.900975243810952953e-02,1.525381345336334141e-02,5.526381595398850016e-02,4.776194048512127921e-02,1.002750687671917912e-01,1.000000000000000000e+00
6.682500000000000000e+02,2.400000000000000000e+01,1.000000000000000000e+00,0.000000000000000000e+00,7.499999999999999722e-03,1.000000000000000000e+00,6.750000000000000000e+00,3.189070173509478967e-01,3.448695794374806445e-01,8.477493367455377071e-02,8.411037183285680063e-02,2.558303899032169371e-01,3.083750000000000102e-01,1.916249999999999898e-01,9.114778694673668358e-02,5.801450362590647447e-02,7.114278569642411287e-02,8.802200550137534441e-02,6.214053513378344634e-02,3.388347086771693190e-02,2.450612653163290744e-02,5.401350337584395755e-02,4.576144036009002075e-02,1.010252563140785209e-01,1.000000000000000000e+00
7.002000000000000455e+02,2.050000000000000000e+01,1.250000000000000000e+00,0.000000000000000000e+00,6.499999999999999702e-03,1.000000000000000000e+00,0.000000000000000000e+00,4.132308308887015502e-01,2.913040252221013038e-01,9.278895134284541324e-02,1.183873270697558266e-01,2.617597111496239304e-01,2.986249999999999738e-01,2.013749999999999984e-01,9.064766191547886376e-02,5.926481620405101014e-02,7.626906726681670357e-02,7.251812953238309656e-02,6.001500375093773293e-02,3.600900225056263837e-02,2.900725181295323724e-02,6.239059764941235625e-02,4.376094023505876229e-02,8.552138034508627307e-02,1.000000000000000000e+00
7.747500000000000000e+02,1.710000000000000000e+02,1.000000000000000000e+00,0.000000000000000000e+00,1.675000000000000100e-02,7.500000000000000000e-01,1.000000000000000000e+00,3.419390959153785770e-01,3.874163142074717459e-01,1.221522405704722758e-01,1.062337655848175494e-01,2.554317130357010579e-01,3.039999999999999925e-01,1.960000000000000075e-01,8.727181795448862855e-02,5.576394098524631304e-02,6.864216054013502766e-02,9.227306826706677123e-02,5.963990997749437500e-02,3.688422105526381611e-02,3.075768942235558925e-02,5.963990997749437500e-02,4.376094023505876229e-02,9.752438109527382382e-02,1.000000000000000000e+00
4.555714285714285552e+02,4.300000000000000000e+01,1.750000000000000000e+00,1.666666666666666574e-01,1.124999999999999958e-02,1.000000000000000000e+00,0.000000000000000000e+00,2.909062743962089748e-01,3.277277998462135855e-01,8.125083718383067921e-02,1.309554450235835832e-01,2.861354947787863590e-01,3.046249999999999791e-01,1.953749999999999931e-01,9.227306826706677123e-02,6.139034758689672355e-02,6.639159789947486623e-02,8.452113028257064731e-02,5.601400350087521601e-02,4.601150287571893066e-02,2.700675168792197878e-02,5.151287821955488622e-02,3.650912728182045819e-02,1.047761940485121279e-01,1.000000000000000000e+00
6.833999999999999773e+02,7.425000000000000000e+01,1.250000000000000000e+00,0.000000000000000000e+00,1.349999999999999985e-02,1.000000000000000000e+00,0.000000000000000000e+00,4.304904244596546303e-01,3.555262092396838103e-01,2.777428180906652000e-01,2.352677336553007370e-01,2.364821432433940607e-01,2.837500000000000022e-01,2.162499999999999978e-01,1.009002250562640729e-01,4.826206551637909209e-02,4.488622155538884995e-02,8.977244311077769989e-02,5.926481620405101014e-02,4.288572143035759149e-02,6.926731682920729549e-02,4.838709677419354704e-02,7.676919229807452338e-02,7.501875468867216790e-02,1.000000000000000000e+00
1.885000000000000000e+02,2.871999999999999886e+02,1.500000000000000000e+00,2.000000000000000111e-01,1.549999999999999989e-02,6.666666666666666297e-01,0.000000000000000000e+00,3.419423424382483367e-01,3.379594543387646755e-01,1.952641558537843158e-01,2.647256426456210399e-01,1.594461993640995667e-01,3.032500000000000195e-01,1.967500000000000082e-01,1.141535383845961454e-01,4.513628407101775292e-02,4.851212803200800200e-02,9.527381845461364851e-02,5.363840960240059963e-02,4.588647161790447571e-02,4.876219054763691191e-02,5.201300325081270604e-02,5.376344086021505458e-02,8.352088022005500767e-02,1.000000000000000000e+00
3.117272727272727479e+02,1.730000000000000071e+01,2.750000000000000000e+00,2.000000000000000111e-01,1.549999999999999989e-02,9.090909090909090606e-01,1.818181818181818232e-01,3.196367136422891275e-01,3.317128735561042374e-01,1.216535135027236314e-01,1.154011509218390158e-01,3.624295803815261174e-01,3.156249999999999889e-01,1.843750000000000111e-01,1.041510377594398601e-01,5.526381595398850016e-02,6.301575393848461715e-02,9.327331832958239699e-02,6.239059764941235625e-02,3.550887721930482549e-02,2.350587646911727821e-02,5.788947236809202646e-02,3.550887721930482549e-02,9.127281820455113159e-02,1.000000000000000000e+00
4.405714285714285552e+02,6.166666666666666430e+01,1.750000000000000000e+00,0.000000000000000000e+00,1.425000000000000051e-02,8.571428571428570953e-01,4.285714285714285476e-01,3.211516395789913436e-01,2.936986535909779095e-01,1.431204408805158979e-01,1.061125021071643720e-01,3.085565365524036707e-01,3.213750000000000218e-01,1.786250000000000060e-01,1.079019754938734671e-01,5.051262815703926046e-02,6.351587896974243697e-02,9.952488122030507534e-02,5.701425356339084871e-02,3.513378344586146756e-02,2.300575143785946533e-02,5.538884721180294818e-02,3.750937734433608395e-02,1.010252563140785209e-01,1.000000000000000000e+00
3.625714285714285552e+02,8.016666666666667140e+01,1.750000000000000000e+00,0.000000000000000000e+00,1.074999999999999914e-02,1.000000000000000000e+00,0.000000000000000000e+00,3.450758624830699284e-01,3.496015104200721479e-01,1.254833957787002685e-01,1.261932464426961664e-01,2.915891510688526922e-01,3.056249999999999800e-01,1.943749999999999922e-01,9.427356839209802275e-02,5.288822205551387684e-02,6.764191047761940190e-02,9.077269317329332565e-02,6.076519129782445572e-02,3.800950237559389683e-02,2.800700175043760801e-02,6.214053513378344634e-02,4.126031507876969096e-02,8.852213053263316422e-02,1.000000000000000000e+00
2.755714285714285552e+02,2.978333333333333144e+02,1.750000000000000000e+00,3.333333333333333148e-01,1.074999999999999914e-02,8.571428571428570953e-01,1.428571428571428492e-01,3.177712012547614373e-01,2.668992936100245683e-01,1.772993838353582874e-01,1.562355123253870992e-01,2.598038397170753244e-01,2.926250000000000240e-01,2.073750000000000038e-01,9.089772443110777367e-02,5.526381595398850016e-02,6.289072268067016913e-02,8.352088022005500767e-02,5.763940985246311655e-02,4.938734683670917974e-02,3.750937734433608395e-02,6.076519129782445572e-02,4.201050262565641374e-02,8.327081770442611164e-02,1.000000000000000000e+00
3.402857142857142776e+02,2.451666666666666572e+02,1.750000000000000000e+00,3.333333333333333148e-01,1.124999999999999958e-02,8.571428571428570953e-01,2.857142857142856984e-01,3.059761940040499617e-01,3.206892347609101024e-01,1.327742878723827402e-01,1.137373770059050548e-01,2.552360471684982923e-01,3.059999999999999942e-01,1.940000000000000058e-01,1.031507876969242343e-01,5.451362840710177737e-02,6.789197299324831181e-02,8.027006751687922048e-02,5.888972243060765221e-02,3.900975243810952953e-02,2.825706426606651792e-02,5.601400350087521601e-02,4.451112778194548508e-02,8.802200550137534441e-02,1.000000000000000000e+00
3.678750000000000000e+02,1.041428571428571388e+02,2.000000000000000000e+00,0.000000000000000000e+00,1.175000000000000003e-02,1.000000000000000000e+00,1.250000000000000000e-01,3.855280496137405422e-01,4.079361444399763892e-01,1.517937623831533966e-01,1.187598236560189063e-01,2.268373897274635342e-01,3.014999999999999902e-01,1.985000000000000098e-01,9.964991247811952335e-02,5.201300325081270604e-02,6.551637909477368849e-02,8.427106776694173740e-02,6.051512878219554581e-02,3.750937734433608395e-02,3.500875218804701261e-02,5.926481620405101014e-02,4.976244061015253767e-02,8.202050512628157597e-02,1.000000000000000000e+00
5.970000000000000000e+02,4.200000000000000000e+01,1.500000000000000000e+00,0.000000000000000000e+00,1.124999999999999958e-02,8.333333333333333703e-01,5.000000000000000000e-01,3.431869478649630656e-01,3.101093768162632158e-01,1.200468455477051027e-01,1.177464333104375482e-01,3.414094252672009722e-01,3.053750000000000075e-01,1.946249999999999925e-01,9.652413103275818418e-02,5.438859714928732242e-02,6.726681670417604397e-02,8.727181795448862855e-02,6.126531632908226860e-02,3.850962740685170971e-02,2.750687671917979513e-02,5.926481620405101014e-02,4.251062765691422662e-02,8.827206801700425431e-02,1.000000000000000000e+00
